{
  "seeds": [
    0,
    1,
    2,
    3,
    4
  ],
  "n_seeds_requested": 5,
  "n_seeds_observed_per_dataset": {
    "oulad": 5,
    "assistments": 5
  },
  "datasets": {
    "oulad": {
      "synthesizers": {
        "gaussian_copula": {
          "tstr_cls_rf_auc": {
            "mean": 0.935652429847667,
            "std": 0.0019583681042446076,
            "n_observed": 5
          },
          "tstr_cls_lr_auc": {
            "mean": 0.9394538458647992,
            "std": 0.005705199221917803,
            "n_observed": 5
          },
          "tstr_cls_mean_auc": {
            "mean": 0.9375531378562331,
            "std": 0.002814095275217273,
            "n_observed": 5
          },
          "tstr_cls_rf_auc_ci_low": {
            "mean": 0.9309371948726547,
            "std": 0.0021040158576439627,
            "n_observed": 5
          },
          "tstr_cls_rf_auc_ci_high": {
            "mean": 0.9403852514848346,
            "std": 0.001946430013192556,
            "n_observed": 5
          },
          "tstr_reg_rf_mae": {
            "mean": 19.177707137508314,
            "std": 0.6471071021574403,
            "n_observed": 5
          },
          "tstr_reg_ridge_mae": {
            "mean": 22.191344642734432,
            "std": 1.8475462687340138,
            "n_observed": 5
          },
          "tstr_reg_mean_mae": {
            "mean": 20.68452589012137,
            "std": 1.149587440662815,
            "n_observed": 5
          },
          "trtr_cls_rf_auc": {
            "mean": 0.96678865036319,
            "std": 0.0011789721991755156,
            "n_observed": 5
          },
          "trtr_cls_lr_auc": {
            "mean": 0.962030871603043,
            "std": 0.0008496196267079719,
            "n_observed": 5
          },
          "trtr_reg_rf_mae": {
            "mean": 8.178257410137181,
            "std": 0.05421861750383788,
            "n_observed": 5
          },
          "trtr_reg_ridge_mae": {
            "mean": 15.214563854889146,
            "std": 0.12600429891836779,
            "n_observed": 5
          },
          "c2st_effective_auc": {
            "mean": 0.9994851835157398,
            "std": 0.00045047363246389707,
            "n_observed": 5
          },
          "mia_worst_case_effective_auc": {
            "mean": 0.5123254189225087,
            "std": 0.003928644866347177,
            "n_observed": 5
          },
          "timing_total_seconds": {
            "mean": 17.756,
            "std": 3.201395008429918,
            "n_observed": 5
          },
          "shap_spearman_rho_cls": {
            "mean": 0.7697249235898863,
            "std": 0.02000063228567643,
            "n_observed": 5
          },
          "shap_spearman_rho_reg": {
            "mean": 0.7074854126146153,
            "std": 0.014574301810663442,
            "n_observed": 5
          },
          "shap_p_value_cls": {
            "mean": 4.017566150832565e-12,
            "std": 8.103375925299101e-12,
            "n_observed": 5
          },
          "shap_p_value_reg": {
            "mean": 4.4755436901593476e-10,
            "std": 5.097988909030472e-10,
            "n_observed": 5
          }
        },
        "ctgan": {
          "tstr_cls_rf_auc": {
            "mean": 0.9481974949113113,
            "std": 0.001677114808051507,
            "n_observed": 5
          },
          "tstr_cls_lr_auc": {
            "mean": 0.9530114296818988,
            "std": 0.0016851712125668865,
            "n_observed": 5
          },
          "tstr_cls_mean_auc": {
            "mean": 0.9506044622966051,
            "std": 0.0015335862220878732,
            "n_observed": 5
          },
          "tstr_cls_rf_auc_ci_low": {
            "mean": 0.9438363966860898,
            "std": 0.0018893004029320395,
            "n_observed": 5
          },
          "tstr_cls_rf_auc_ci_high": {
            "mean": 0.9526971801191789,
            "std": 0.001534936041536671,
            "n_observed": 5
          },
          "tstr_reg_rf_mae": {
            "mean": 13.131446764002181,
            "std": 0.47716909920207207,
            "n_observed": 5
          },
          "tstr_reg_ridge_mae": {
            "mean": 18.181996577300158,
            "std": 0.40070866023946383,
            "n_observed": 5
          },
          "tstr_reg_mean_mae": {
            "mean": 15.65672167065117,
            "std": 0.4352880056783105,
            "n_observed": 5
          },
          "trtr_cls_rf_auc": {
            "mean": 0.96678865036319,
            "std": 0.0011789721991755156,
            "n_observed": 5
          },
          "trtr_cls_lr_auc": {
            "mean": 0.962030871603043,
            "std": 0.0008496196267079719,
            "n_observed": 5
          },
          "trtr_reg_rf_mae": {
            "mean": 8.178257410137181,
            "std": 0.05421861750383788,
            "n_observed": 5
          },
          "trtr_reg_ridge_mae": {
            "mean": 15.214563854889146,
            "std": 0.12600429891836779,
            "n_observed": 5
          },
          "c2st_effective_auc": {
            "mean": 0.961562220996176,
            "std": 0.010376173008598121,
            "n_observed": 5
          },
          "mia_worst_case_effective_auc": {
            "mean": 0.5119153455464059,
            "std": 0.0027303365527199105,
            "n_observed": 5
          },
          "timing_total_seconds": {
            "mean": 1649.216,
            "std": 316.86117311844936,
            "n_observed": 5
          },
          "shap_spearman_rho_cls": {
            "mean": 0.8037121422617396,
            "std": 0.029180840607550853,
            "n_observed": 5
          },
          "shap_spearman_rho_reg": {
            "mean": 0.718710752986941,
            "std": 0.10519653651317576,
            "n_observed": 5
          },
          "shap_p_value_cls": {
            "mean": 1.3938566458960665e-13,
            "std": 2.445922745799754e-13,
            "n_observed": 5
          },
          "shap_p_value_reg": {
            "mean": 1.1005042110611026e-06,
            "std": 2.460641368522539e-06,
            "n_observed": 5
          }
        },
        "tabddpm": {
          "tstr_cls_rf_auc": {
            "mean": 0.9624239532775947,
            "std": 0.001120060050392471,
            "n_observed": 5
          },
          "tstr_cls_lr_auc": {
            "mean": 0.9515598648964934,
            "std": 0.006594165391086139,
            "n_observed": 5
          },
          "tstr_cls_mean_auc": {
            "mean": 0.956991909087044,
            "std": 0.0036248773278681045,
            "n_observed": 5
          },
          "tstr_cls_rf_auc_ci_low": {
            "mean": 0.9588018371608287,
            "std": 0.00114472593509414,
            "n_observed": 5
          },
          "tstr_cls_rf_auc_ci_high": {
            "mean": 0.9660777381696541,
            "std": 0.0009876723675458217,
            "n_observed": 5
          },
          "tstr_reg_rf_mae": {
            "mean": 9.948780632742443,
            "std": 0.2207982286886865,
            "n_observed": 5
          },
          "tstr_reg_ridge_mae": {
            "mean": 18.737180566312556,
            "std": 0.9624205382553452,
            "n_observed": 5
          },
          "tstr_reg_mean_mae": {
            "mean": 14.3429805995275,
            "std": 0.5765623218689222,
            "n_observed": 5
          },
          "trtr_cls_rf_auc": {
            "mean": 0.96678865036319,
            "std": 0.0011789721991755156,
            "n_observed": 5
          },
          "trtr_cls_lr_auc": {
            "mean": 0.962030871603043,
            "std": 0.0008496196267079719,
            "n_observed": 5
          },
          "trtr_reg_rf_mae": {
            "mean": 8.178257410137181,
            "std": 0.05421861750383721,
            "n_observed": 5
          },
          "trtr_reg_ridge_mae": {
            "mean": 15.214563854889146,